,PTS,FG%,REB,AST,TOV,k
class_1,9.343394495412833,42.52211009174315,3.3179816513761455,2.1713761467889925,1.206055045871558,0.0
class_2,8.423380281690147,56.72366197183098,5.163098591549295,1.3752112676056327,1.0552112676056349,1.0
class_3,1.3680000000000003,19.008799999999997,1.0432,0.5343999999999997,0.32400000000000007,2.0
